Metin_Veri,Kategori
"Senariste lafım Rain Man filmini taklit ederek senaryo yazılmaz. Yönetmene lafım, filmin sonunda milleti ağlatmak için türlü şaklabanlıklara girilmez. Son olarak yağmur sahnesini millet anlamaz bak ben bunu itfaiye hortumuyla sağlıyorum görün diye gösterilmez. Tüm bunları göremeyen izleyicilerde, sakın bana film harika demesin",negatif
Çıkış zamanı itibariyle hassas bir dönemden geçtiği için ülkemiz bu film bu kadar gişe yaptı. İnsanlar milliyetcilik duygularıyla akın ettiler sinemalara ama öyle ahım şahım bi film değil. Konu yok olaylar arası bağlantı yok görsellik yok sahneler çok uzundu. Bari sonu güzel bağlansın diye umut ettim fakat o da tam bir fiyaskoydu.,negatif
"eğer birazcık filmden anlıyorsam bu film beş para etmez. Tam bir hayal kırıklığı, sadece insanların duygularını sömürüp paraları cebe atmak için yapılmış bi film. Filmde iki tane sahne var onlar da fragmana koymak için yapılmış sanırım, gerisi boş sahneler onlarıda uzatmışlar da uzatmışlar. Kesinlikler tavsiye etmiyorum.",negatif
"Türk askeri ayaklar altında ezilirken sıkıştıkları köşede faltaşı gözlerle izleyenlere, Türk askerinin son nefesinin propagandasını yapan bir filmi böyle alkışladık. buraya ilk yazılan yorumardan birinde, bir arkadaş demişti ki; bu film bize ihanettir. Haklıymış. Tüm olumlu eleştirilerimi geri alıyor ve filmin tamamiyle maksatlı bir amaç uğruna yapıldığını belirtiyorum... Sinemasal değeri bile yok ve bir terör örgütünü Türk ordusu ile, bir teröristi de Türk askeri ile kıyaslayıp, teörist başını mistik bir kahraman gibi gösteren bu filmi yapanları kınıyorum.",negatif
"Sıkıldım,kelimenin tam anlamıyla acıdım verdiğim paraya. Filmi tekrar tekrar izlemek istediklerini söyleyen ünlü yorumculara başarılar diliyorum. Biz hayatımızı onlar kadar kolay kazanamıyoruz. Zaten ayda 1 kez zar zor ailecek sinemaya gidiyoruz, o film de hayalkırıklığı çıkınca üzülüyoruz.",negatif
Hayatımda bu kadar Amerikan özentisi savaş filmi taklidi görmedim. Drama yapacağım diye senaryoyu berbat etmişler. Tam propaganda. Neye kime yaranıyorlar bilmem. Puan bile haketmiyor. Yazık harcanan paraya. Fragmanından bile kaçasım geldi.,negatif
bizzat gittim ve izledim. o kadar reklama yazık bence. filmde gülünecek yada beğenilecek tek kare yok. gidip paranızı çöpe atmayın.,negatif
"Filmin oldukça iyi bir konusu olmasına rağmen, işleniş, ilerleyiş, anlatım ve final kesinlikle yerine oturmamış. Şayet ben finalde büyük hayal kırıklığına uğradım. Finali seyirciye iyi yansıtamadıklarını düşünüyorum, gereksiz replikler kullanılmış. Finale giriş, etki tepki olgusu, o andaki duygusal yükseliş seyirciye daha iyi nakledilebilirdi.",negatif
"İnanamadım müthiş bir kadro, müthiş bir ekip (yönetmen, senarist, yapımcılar) her şey güzel ama resmen fiyasko bir film. Adeta oldu bittiye getirilmiş, romantizm deseneniz romantizm değil, siyasi desenesiz o değil adeta ne idüğü belirsiz saçma sapan bir iş olmuş. Böyle ekip ama öyle bir film gerçekten çok yazık olmuş. Beren Saatın performansı da ayrıca kötü.",negatif
normalde filmlere yapılan olumsuz eleştirilere karşı biriyim. sonuçta o kadar emek harcanmış. ama bu filmde o emeğin harcandığını düşünmüyorum. aceleye gelmiş oldu bittiye getirilmiş bir film. çıktığınızda ve film bana ne verdi diye kendinize sorduğunuzda cevabınız koca bir hiç olacak. tamamen beren saatin popülaritesi üzerine kurulmuş. Serdar Akar ve Mahsun Kırmızıgül'den hiç beklemezdim bu tarz bir film.,negatif
"Bunun adı film ise, biz her gün bunlardan 7-8 tane çekeriz. Ömrüm bitti film bitmedi, bari birşey anlatılsa. Hayatımda bu kadar kötü film görmedim ve hayatımda hiç bir film için yorum yapmamıştım, ama bu seferki efsane derecede kötü olduğu için bunları yazmam gerekirdi. Bu tarz filmlere gidip paranıza zamanınıza ve gözlerinize yazık etmeyin. Üstelik bizim paralarımızı alıp, sanacaklar ki çok beğendik, yeni bir film daha çekip yine bize eziyet çektirecekler. Türk sineması adına üzüldüm.",negatif
"Arkadaşlar, tüm yorumları okuyamadım, belki farkeden olmuştur daha önce ama; bu filmin senaryosu Yağmur Adam filminin birebir aynısı. Bir de kalkıp Türk filmlerine destek olalım falan demeyin. Bariz bir şekilde alıntı var. Buyurun, inceleyin",negatif
"Yorumlarda genel olarak kötü türk filmlerinden yakınılıyor. Bu film için de aynı şikayetler dikkat çekiyor. Ama yorum yazanlar genelde bu tür basiretsiz sinema denemelerini yapanlara kızıyor. Ceplerini parayla doldurmak isteyenlere kızmayalım, onların fazlasıyla basit çarklarına su taşıyan biz akılsızlara, kısacası kendi kendimize kızalım. Seyirci nerede kötü, bayat, arsız bir film var koşuyor. Haydi hayırlısı. Bu işin sonu 1980'lere benzeyecek. Türk sineması yakında göçer. Ticari film, ticari film diye yırtınan yapımcı ve dağıtımcı şirketler bu işi bir daha düşünsünler. Böyle ticaret olmaz çünkü.",negatif
"Mutsuz olmak istiyorsanız gidin. Çok kötü bir film olmuş, filmden öte çok kötü bir hikayesi var. Tabiri caizse basılmaması gereken bütün notalara basıyor film. Baştan sona detone bir şarkıyı dinlemek kadar rahatsız edici. Basit aşklarıyla basit bir film.",negatif
Filmi az önce izledim. Tuna Kiremitçi'ye teşekkür edeceğim tek konu filmi kısa çekmesiydi çünkü film biraz daha uzasaydı çıkmak zorunda kalacaktım. Tüm samimiyetimle söylüyorum ki hayatımda daha kötü bir film izleyebileceğimi zannetmiyorum. Lütfen yapımcılardan rica ediyorum böyle filmler çekip insanları Türk filmi izlemekten soğutmasınlar. Ayrıca oyuncuları da bir türlü anlayamadım ekonomik açıdan bu kadar mı kötü durumdaydınız ki böyle bir filmde rol almayı kabul ettiniz?,negatif
"Bir ilk film olarak çok zayıf kalmış, bir yönetmenin yapması gerekenlerin hiçbirini yapamayarak projesine sahip çıkamamış. İlk olarak senaryoyu ele alırsak; bir yazar olarak senaryoyu nasıl bu kadar zayıf yazmış anlayamadım. Konu sevilir veya sevilmez ama en azından tutarlı bir tarafı olur. Ne anlatmaya çalıştığını tam anlatabilmiş ne derinlemesine karakter tahlili yapabilmiş, hiçbir şey yok. Daha filmin ilk yarısında nereye gideceği belliydi. Yani iki insan arasındaki elektriklenme bu kadar mı basit bu kadar mı yavan anlatılır. Olmamış olamamış ve olmayacak da! Bence kendisinin son filmi olur. Sinemada popülizme ve seyirci kandırmaya hayır. Yazık harcanan 2 saatime üzüldüm.",negatif
"Olumsuz eleştirilerin tamamına katılıyorum. Amaçsız, kalitesiz, bir kaç ünlü oyuncunun bir araya getirilmesiyle meydana getirilmiş bir fiyasko!  Türk sineması tam yükselişe geçti denirken böyle kötü filmlerin salonlarda yer alması hayra alamet değil!  Çünkü seyirci bu tür filmler gelmeye devam ederse Türk sinemasına yine sırtını döner.",negatif
"Böyle bir oyuncu kadrosunun olduğu bir komedi filmin bu kadar vasatın altında olacağını düşünemezdim. Gerçekten yazık olmuş bence özellikle Şafak Sezerin şu an kadar oynadığı roller arasında en kötüsü, Aydemir Akbaşın performansı filmi kurtarmaya yetmiyor.",negatif
basit türk filmlerinden bir tane daha. artık şafak sezer böyle kalitesiz esprili filmleri yapmasın. ülkemizin sinemasının gelişmesi için daha iyi kurgulu ve düşündürücü senaryolar lazım. hem komedi hem de diğer türler için de geçerli bu.,negatif
Filmin fragmanını bile izlemedim. Çünkü filmin tamamen gişe için çekilen ünlü oyuncu yığını filmlerden biri olduğunu tahmin etmek zor değil. Merak ediyorum bu filmi izleyip de olumsuz yorum yazanlar ne bekliyorlardı? Sonucun hayal kırıklığı olacağını kestirmek bu kadar zor mu? Türk sineması ciddi bir kalitesizlik girdabında. Saçma sapan filmler yüzünden 70li yılları bile özler olduk.,negatif
"Emek desen emek yok, sanat desen sanat yok, senaryo oyunculuk zaten yok. Yok olan birşeye bakmaya da gerek yok. Türk sinemasına destek bu tür filmlerin gişelerini yükseltmekle olmaz. Festivallerde sayısız ödül alan filmler bir kaç ilde vizyona girerken ve biz izleyemezken böyle filmler 200 300 kopya ile vizyonda oluyor.",negatif
Buradan yorumları okuduğumda gitmemeye karar vermiştim. Geçenlerde arkadaşımın doğum günüydü. Bu filme gitmek isteyince kıramadım. Sonuçta hep beraber sıkıldık. Tavsiye etmiyorum.,negatif
Filmi hiç beğenmedim hatta çok fazla duygu sömürüsüne kaçırılmış. Zaten Mustafa Üstündağ (halen Muroda kalmış oyunculuğu) ve Levent Üzümcü iyi bir ikili oluşturamadığı gibi Levent Üzümcünün performansı çok kötü adeta bir zeka özürlüyle alay eder gibi oynamış. Film en büyük handikapı ise çok fazla Rain Man filmine özenilmiş olması.,negatif
Filmde sinema tadı yoktu. Bir dizinin bir bölümü gibiydi. Televizyonda da izlemeniz mümkündür.Artık çok daha özgün yapımlar istiyoruz.Televizyondaki bir haftada çekilen dizi bölümlerindeki kalitenin üzerinde filmlerin sinema perdesine taşınmasını bekliyoruz. Türk izleyicisinin sinemayla barışmış olmasına güvenilmemeli. Eğer kalitesizliğe devam ederseniz bu altın yumurtlayan tavuğu boğazladığınızın resmidir.,negatif
bu gün izledim filmi. Beğenmedim. yani saçma sapan bir akış var. beren hanım toplasan 10 cümle ya kuruyor ya kurmuyor. garip bi şey olmuş. seyirciye aktarılan herhangi bir duygu açıkçası bulamadım. Sinemaya gitmeden tekrar düşünün derim.,negatif
"Az önce filmden çıktım. Açıkçası verdiğim paraya ve giden vaktime üzüldüm. Film komedi desen komedi değil, dram desen dram değil, öyle arada derede kalmış. Orta seviye bir tansiyonda başlıyor ve hep aynı tansiyonda devam ediyor ne iniş var ne de çıkış. Hadi bir şey olsun artık diye bekleyip duruyorsunuz. İzlerken bitse de gitsek şeklinde izledim, yani bu kadar sıkıldığım nadir olur sinemada. Açık konuşmak gerekirse çoğu insana çok komik gelen Ersin Korkut tepkileri ile komedi ve Yılmaz Erdoğan drama tarzı, karıştırılıp bir film yapılmaya çalışılmış diyebilirim. Ama maalesef hiç olmamış.",negatif
"Film ile ilgili görüşler iki kutupta toplanıyor. Ben de beğenmeyenler tarafındayım. Bugün izledim filmi ve filmin hikayesini zayıf buldum. Yılmaz Erdoğanın bireysel olarak en iyi performansı ve geçmiş karakterlerine göre daha farklı bir karakter oluşturmuş. Sahneler iyi çekilmiş, detaylara önem verilmiş, teknik olarakta sorun yok, diyaloglar iyi ama hikaye çok sığ. Diğer arkadaşların dediği gibi Kemal sunal filmlerinin daha iyi oyunculuk, daha iyi teknik ile çekilmiş hali. Ayrıca BKM Mutfak oyuncuları herbirinin filme dahil edilme çabası filmin bütünlüğünü ve inandırıcılığını bozmuş. Diğer bir eleştiri de tempoyla ilgili (yine senaryo sorunu). Film başından sonuna aynı tempoda gidiyor. Bir şey olur diye sonuna kadar beklerken sonu geldi hale bir şey olmadı.",negatif
Film konu olarak da kadro olarak da beni tatmin etmedi. Issız Adam'ın anlam veremediğim çıkışından sonra gene garip ilişkiler üzerine ve gene Melis Birkan'la film çekilmesi süpriz olmadı. Bizde tutulan bişey mutlaka tekrarlanır. Entel kesimin övgülerine mazhar olacağına emin olduğum bi film daha. Ben Issız Adam'ı izleyene kadar okuduğum tüm gazetelerde yere göğe sığdırılamamıştı.İzlediğimde bumu bu kadar övülen şey demiştim. Boşa giden bir süreydi film süresi benim için. Bunun da aynı kaderi paylaşacağına eminim.,negatif
Piyasadaki yapımları eleştirmek amacıyla çekilmiş bir piyasa filmi. Sinemada izlediğime pişman oldum. Bütün oyuncular vasat bir performans sergilemiş bence. Biri dışında. Ahmet Çakarın sahneleri bu yüzden evrilip çevrilip verilmişti. Televizyon aptal kutusu sinemayı da öyle yapalım zihniyeti güdülmüş gibi geldi bana. Halbuki daha felsefi ve daha duygusal bir yapım beklemiştim. Bu şekilde tek kısım sevgili Metin Uca'nın yorumları olacak. Keşke televizyonun bu kadar hayatımıza girdiği dönemde bu kadar sığ bir film yerine daha çok irdeleyen bir şey olsaymış. Anlaşılan güldürürken düşündürme işi Nasrettin Hocadan sonra öldü.,negatif
neye üzülüyorum biliyormusunuz.adil olmak başka gelişi güzel konuşmak başka burada çogu arkadaş filmi savunuyor.avukatlıgını yapıyor bende diyorum ki arkadaş bu filim sırf filim olsun diye çekilmiş.okadar boş aptalca taklit bir filim.ben paramı hakettigine inandıgım filimlere vermek istiyorum bence bu filim benim paramı haketmiyor.hatta üstüne para verseler yine gitmem..oyunculara sözümyok sanatcı her rolü oynar saygım var.ama yapımcılar için düşündüklerim bunlar.bence asla gidilmez can sıkıcı,negatif
vakit kaybından başka bir şey değil. Sinemadan ne anlar bunlar ya? sıkıldık artık bu filmlerden,negatif
Böyle filmler çekilecekse Türk sineması sonunda ne olacak? Geçen hafta Türkler Çıldırmış Olmalı şimdi Abimm insanı soğutuyorlar. ,negatif
"Yağmur Adamla ilgisi yok diyen arkadaş ya hayatında Rain Man filmini izlememiş, ya da fazlasıyla taraflı bir biçimde yersiz bir savunu yapmaya çalışmış.  Film vizyona girmeden yorum yapanlara lanet okuyanlar ve izlemeden eleştirmekle suçlayanlar ya vizyon öncesi Gala izlemelerinden haberleri yok, ya da olumsuz fikirlere tahammülleri yok.  Ayrıca şunu da belirteyim; bu sektörde çalışan pek çok kişinin bir filmi vizyona girmeden görme şansı var bunu da unutmayın. ",negatif
"Konu deseniz konusu olmayan, BKM oyuncularına ve Yılmaz Erdoğan'a yakışmayan, sadece para kazanmak için yapılmış bir film. Bu arada alın teriyle çalışıp para kazanmakla üç günde milyarder olmak hayalleriyle batmak arasında dağlar kadar fark var. Yılmaz Erdoğan şimdi çok neşelidir herhalde, filmdeki kahramanın yapamadığı gibi kazandı bedavadan parayı.",negatif
"Filmi izlerken çok sıkıldım, Yılmaz Erdoğan'ın en kötü oyunculuğuydu.Bu filmi bu kadar abartanları anlayamıyorum, ya onlar bu işten anlamıyorlar ya da yalan yere destek oluyorlar. Filmin konusu iyi olabilir ama oyunculuk ve filmi izlenir kılan başka şeyler de önemli olsa gerek!",negatif
Fragmanlarını izlediğimde çok beğenmiştim. Şunu düşündüm bu film Amerika yapımı olsaydı Levet Üzümcü Oscar adayı olabilirdi çünkü Forest Gump benzeri yada Yağmur Adam tadında bir filmdi...,pozitif
Sinemada 2 kez arkadaşlarımla izledim filimi herkesin ortak görüşü aynıydı izlemesi keyifli ve çok başarılı bir filim senaryosu hakkındaki yorumlara şiddetle karşı çıkıyorum ülkemizde bu denli güzel TÜRK yapımlarıda oluyo Her türlü Şiddetle tavsiye ederim görülmesi gereken bir filim.,pozitif
muhteşem bir oyunculuk sergilemiş ikiside levent üzümcünün zihinsel engelli bir kişiyi bu kadar başarılı oynayabileceğini düşünmezdim hiçbir abartı olmadan tüm duyguları yüreğimizin taaa içinde hissettirdi herikiside... filmde kahkahalarla güldüm ellerimi ağzıma kapatıp gerildim ve hıçkıra hıçkıra ağladım tüm bu duyguları aynı filme sığdıran tüm yapıma teşekkür ediyorum... İzlemeden yorum yapmayın ... Hiçbir yabancı filmle de kıyaslamayın....,pozitif
"Bence film çok hoştu ne bekleyerek gidiyor beğenmeyenler anlamadım, bizim paralarımızla devleşen yabancı film sektörünün bol hareketli ve efektli filimlerinden hoşlanıyosanız gitmeyin tabi. Ama unutmayalım ki perdeye düşen her Türk filmi ne zaman en az bir milyon seyirci toplar ise işte o zaman herkesin beğeneceği filimler çıkar ortaya...",pozitif
"İzleyin en ağır eleştiriyi yapın ama, lütfen filmi görmeden yorum yapmayın. Çok ama çok güzel bir film olmuş.Rain Man ile alakası yok.",pozitif
arkadaşlar neden filme gidip sonra yorum yapmıyosunuz herkese tavsiye ederim izleyip görsünler kararı izleyiciler verir çok güzel olmuş bi daha seyretmek isterim bu arada galada herkes ayakta alkışladı madem güzel değil onca kişi neden alkışladı peki neyse fazla yoruma gerek yok zaten herkese iyi seyirler emeğe saygı,pozitif
"Sinema sinemada izlenir felsefesi ile 28 yıldır düzenli olarak sinema salonlarına giderim.Bu filmi üç kez seyrettim,tek kelime ile mükemmel.Çekimleri,senaryosu,kurgusu ve çekim için seçilen yerler özellikle Gömbe/elmalı/antalya akdağ-subaşı yaylası her gitmemde hayran kaldığım bir yerdir.Burada tekrar bu filmde emeği geçenlere sonsuz teşekkürler,bu filmin orjinalini koleksiyonuma mutlaka katacağım.",pozitif
"Filmi üç kez izledim.Bazı yorumlarda iddia edilenin aksine hiç bir şekilde taraf tutmuyor,pek çok konuda özeleştiri de yapıyor.Finali, filmi beğenen pek çok kişinin hoşuna gitmesede bu final maalesef pek çok kez yaşandı..acı ama gerçek. Film çok iyi bir sese sahip bu sinemamız için çok güzel bir şey.Müzikler de çok güzel.Ayrıca yönetmen farklı açılardan hayata bakmaya çalışmış ve genelde iyi görüntüler sunmuş bize.. Filme getirilen eleştirilerden biri zaman zaman sıkıcı olduğu.90lı yılların başında Güneydoğudaki bir dağın başında yaşamak sıkıcıdır zaten ne bekliyorlar dı ki..Filmden çıkan bir hanım kızımız!! arkadaşları ile konuşurken recep ivedikte daha çok eğlendiğini söyledi.Kulaklarıma inanamadım.İnsanlar nasıl bu kadar ruhsuz olabiliyor. Sonuç itibariyle bulutların üzerindeki bir dünyada biz mışıl mışıl uyurken,uyumamak için mücadele edenlerin öyküsü.",pozitif
"Film teknik olarak çok başarılı. Kadrajları, kamera hareketleri ve mekanları özellikle sanat yönetimi çok başarılı. Oyuncuların kişisel performansları da çok sağlam. Bu filme teknik olarak kötü diyen kişi sinemadan anlamayan kişidir. Aksiyon sahneleri çok başarılı. Öyle amerikanvari bir aksiyon yok. Öz be öz Türk işi bu aksiyon ! Kaldı ki filmin bir derdi var. Günümüz siyasetine göndermelerde bulunuyor.  Karakol sahnelerinde mekan o kadar güzel işleniyor ki bir anda filmin içinde buluyorsunuz kendinizi. Genel görüntüleri çok başarılı. Dİyaloglar gerçekçi, monologlar sarsıcı. Türk Sinema tarhinin sayılı güzel eserlerinden.  Çekim aşaması çok sancılı geçmiş lakin bu film olmuş. Çekilen sancılara değmiş. ",pozitif
gerçeği görmek çoğu zaman zordur. para verip sinemaya gidip gerçeği görmeye herkes katlanamaz. katlanamayanları yorumlarından zaten anlıyoruz sanırım. bu film kimsenin görmek istemediği şeyleri gösterdi belkide gözlerini sımsıkı yumanlara. ama orada zaten vatan evlatları var orada zaten bir savaş var orada zaten pek çok acı var. şimdi yokmuş gibi mi davranalım? levent semerciye saygılarımla ...,pozitif
İlk bölümü belgesel tadında genel olarak askerliğin zorluğunu anlatan bir film olmuş. Filmin son sahneleri beni çok etkiledi film bittikten sonra 5 dk. koltuğunuzdan kalkamıyorsunuz.,pozitif
selen Seyven dışında çok güzel bir filmdi.Levent Üzümcü gerçekten iyi hazırlanmış rolüne. En azından beni etkilemeyi başardı. Fakat konu daha değişik sonlandırılabilirdi. Ama yine de hoş olmuş. Emeğinize sağlık.,pozitif
"film tam anlamıyla mükemmel bir konu bu kadar gerçekçi anlatılabilir ancak, askerlerin piskolojileri verdigi mesajlar şok eden sahneler, insanı şok eden derinden etkileyen bir film, hele benim gibi askerligini doğuda yapmış biri için. film insanı içine alıyor sanki o havayı soluyor ve yaşıyorsunuz,en azından orda yaşananları hiç bilmeyenler için iyi bir deneyim biraz belgesel tadı var filmde kesinlikle sinemada gidin ve izleyin pişman olmazsınız, özellikle mete horozoğlunun oyunculuğu çok güzel rolüne çok yakışmış, babam ve ben filmde emeği geçen herkesi tebrik ediyorum...",pozitif
"kendime bir liste yapsam en iyi on film arasına alırım. film, fotoğrafik açıdan mükemmel kadrajlara sahip. sanırım sırf bu açıdan bile bakıldığında bir devrim türk sineması için. içeriğine gelince. zaten damarımıza dokunan bir konu. ama tarafsız işlemiş yönetmen konuyu. bence kesinlikle gidip izleyin. ve şunu da belirteyim, mutlaka sinemada izleyin.",pozitif
Dün dayanamadım yine gittim filme yine ilk kez izlemişim gibi çok etkilendim. Ve tek başıma izlerim diye düşündüm inanamadım kaçıncı haftası 3 5 tane koltuk boştu! Ümraniye AFM sinemasının ne kadar büyük olduğunu giden bilir ve ona gore hesap yapın.,pozitif
"Benim açımdan çok keyifli ama bir o kadarda hüzünlediren bir filmdi. Eleştiren arkadaşların beklentisi nedir bilinmez ama yılmaz erdoğan filmlerinin her zaman bambaşka bir tadı vardır, şiir tadında bir gibi, bu da öyle olmuş.",pozitif
Bu filmi anlamak ve sevebilmek için işe geç kalmamak için en az bir kere otobüse minibüse depar atmış yada günde 12 saat para kazanabilmek için saçma sapan işler yapmış olmanız lazım. Hayatında para kazanmanın zor kısmını görmemiş veya ailesinin parasıyla yşayanların anlaması çok zor. filmdeki olayların kişilerin ve mekanların hepsi çok gerçekti.,pozitif
"Çok abartıldığı kadar bir film değil. Hele kesinlikle Yılmaz Erdoğan ın en iyi filmi değil. Ama bu dediklerim filmin sıcak ve sizi saran bir film olmasını değiştirmiyor. Sonuçta sıkmayan , gayet neşeli ve güzel oyunculuğun olduğu iyi bir film.",pozitif
"Bugüne dek izlediğim en iyi Yılmaz Erdoğan filmi ve yine bu yıl izlediğim en iyi film. Tek kelimeyle bir şaheser yaratmış usta bu kez. Vizonteleler, Organize İşler hep başarılı yapımlardı ancak bu bambaşka bir film olmuş. Rıza Şenyurt inanılmaz bir karakter. Tamamen içimizden biri. Harika bir gözlem ve analiz var bu karakteri oynarken Erdoğan da. Varoşlarda yaşayan, namuslu fakat boyundan büyük problemleri olan bir adamın, ailesini ayakta tutmak için verdiği mücadele süper. Karısı rolünde yine harika bir oyunculuk. Geleceğin Demet Akbağ ı geliyor bence. Her başarılı erkeğin ardında bir kadın vardır sözü bu karakter için söylenmiş işte. Anaç bir yapı ve aileyi bir arada tutma görevi üstlenmiş bir regülatör. Rıza Akın başlı başına fenomen. Sinan Bengier yılların deneyimini öyle güzel yansıtmış ki perdeye. Sakin ama bir o kadar da gıcık bir tipi oynuyor. Üstelik mücadelesinde de sonuna kadar haklı. Filmin tek kötü yanı Yılmaz Erdoğan için. Her yapımında ileri gitmek zorunda olduğunu düşünürsek, bundan sonra işi çok ama çok zor olacak. 6,3 gibi bu sitenin üyelerine olan güvenimi temelinden sarsan bir puana rağmen 10 üzerinden 10 hatta 11 diyorum.",pozitif
"Senaryosunun özgünlüğü yani tamamen bize, bu topraklara ait olması,kısıtlı bir bütçeyle zor koşullarda yapılmış olması ve bunun evrensel bir şekilde sunulması filmi bu zamana kadar yapılan en iyi türk filmleri arasına sokmaya yeterli.Oyuncuların performansı da hiç yabana atılacak türden değil. Özellikle filmin sonunda ki çatışma sahnesi çok gerçekçi anlatılmış. Emeği geçen herkesi kutluyorum.",pozitif
"kesinlikle ve kesinlikle, gelmiş geçmiş en iyi türk filmi, çekim teknikleri, anlatım tarzı, doğallığı, sömürü yapmaması ve ülkemzin yerlerde süründüğü aksiyon sahnelerindeki başarısıyla bu film zirvede. Sanıyorum büyük beklentilerle gidenler amerikan tarzı patlayan tanklar,uçaklar ve 500 milyon dolarlık bi yapım bekliyorlar,henüz sektör bile olamamış türk sinemasından bahsediyoruz, ayriyeten bu film kesinlikle salt savaş dan bahsetmiyor,karakterlerin de ruh halleri detaylandırılmış yani piskolojik yanı da var.Gönül rahatlığıyla gidilebilir.",pozitif
"Bir takım Amerikan sineması ve Rambo hayranlarının, konuşmaların anlaşılmadığı, sahnelerin çok karanlık olduğu vb yöndeki eleştirilerini üzüntüyle okudum. Filme burun kıvıranlara tek bir sözüm, filmin son derece gerçekçi ve başarılı olduğu yönündedir. Seslerin ve ışığın kullanımı mükemmeldir. Oyunculuklar ve yönetim de öyle. Filmin sonunda seyircinin psikolojisinin de düşünlmüş olduğu anlaşılmaktadır. Filmin sonundaki geri dönüş bunu açıkça gösteriyor.",pozitif
"Film, basit görünen hikayesinde bile boşluk bırakmadan ilerliyor ve buruk bir tat bırakıyor, insanın içinde. Oyunculuklara gelince genel olarak iyi; fakat Levent Üzümcünün performansının diğerlerinden bir adım önde olduğunu belirtmek gerek.",pozitif
"Türk filmlerine sadece Türk filmi olduğu için pohpohlanmasına karşı olan biri olmama rağmen, diyorum ki mutlaka gidin, hem eğlenmek için illa gülmek gerekmediğini hem de dünyada sizinkilerden başka aklınıza gelmeyen ne dertler kederler varmış görün. Yılmaz Erdoğan ve arkadaşlarını tebrik ediyorum.",pozitif
"Sonu biraz aceleye gelmiş gibi. Ancak bir bütün olarak bakıldığında gerçekten de Yılmaz Erdoğan'ın en başarılı filmi. Çok sağlam bir sinema dili var ve Yılmaz Erdoğan'ın oyunculuğu muhteşem. Yılmaz Erdoğan'ın bütün filmlerinin komedi olması gerektiği sonucuna nerden varıyor insanlar, anlamıyorum. Recep İvedik filmi değil ki bu, niye komik değil diye şikayet ediyor herkes? Sapasağlam adam gibi bir film.",pozitif
"Film gerçekten çok güzeldi. Yapılmış en iyi Türk yapımlarından biriydi. Uzun zamandır bu tarz filmleri bekliyorduk. Bu film terör belasını güzel bir şekilde işlediği gibi, seyir zevki yüksek bir filmdi. Sinemaya gidip de izlemeyen arkadaşlara şiddetle tavsiye ederim.",pozitif
Kötü yorumlara bakarak sakın filme gitmemezlik yapmayın. Tamam film komik değil ama kendine has bir lezzeti var. Çok doğal çok gerçek. Bana eski Kemal Sunal filmlerini anımsattı.oyunculuk hakkında zaten konuşmaya gerek yok Yılmaz Erdoğan'ın gözleri fakir bakmış resmen. Şiddetle tavsiye ederim!,pozitif
Çok ilginç ve değişik bir film. Fazla geveze bir film olmasına rağmen ben bayağı beğendim ödül alması tartışılabilir ama bence fazla diyaloglara takılmazsanız rahatlıkla ilenecek film. Önür Erkan ve Kadir Çermik rollerinde çok başarılılar.,pozitif
Kesinlikle izleyin pişman olmassınız. Öncelikle görüntü yönetmenini tebrik etmek istiyorum gerçekçilik ve açılar muhteşem tam bi görsel şölen.  Filmin başı çok güzel ama ortalara doğru sıkıyor gereğinden fazla uzamış o kısım yada doldurulamamış. Ama öyle bi final var ki yerinize çivileyecek gerçekten böylesi bi durumda olup da bu kadar tarafsız olmalarını beklemezdim. Ne propoganda ne nefret var %100 gerçekler gerçekten uyuyanlar varsa bu film sizi uyandırcak yeni bir Nefes alcaksınız kesinlikle gidin.,pozitif
"Film her yönüyle - oyunculuk, kurgu, senaryo - başarılı.. Fakat filmin en zayıf halkası olan Selen Seyven yerine başka biri oynasaydı çok daha iyi olurdu. Nerden nasıl bu filmin kadrosuna girmiş anlayabilmiş değilim zaten.8/10",pozitif
Filme gelince izlemeden yapılan yorumları ve öbyargıları hemen kibarca bir kenara atıyor izler izmelez. İnsanın kendini tam göbeğinde hissedeceği sıcak ve bizden bir hikayesi var. Hafta sonnu üç filme birden gittim ama bir tek abimden hem gülerek hem de ağlayarak çıkan insnaları görünce anladım ki güzel bir film olnuş ve iyi ki seyretmişim. Şiddetle öneririm görmenizi zira türünde çok deneme var çok azı film olmayı başarailiyor.,pozitif
"arkadaşlar bence bu film çok sıcak bir kardeşlik öyküsü.. ailesinde zihinsel engelli bir yakını olan herkezi etkileyebilecek çok önemli detaylara sahip. öncelikle bu insanların ailelerinden başka kimsesi olmadığını devletimizin bu konudaki eksikliğini,bu özel insanların bize anlamsız gelen ve bizi korkutan bazı hareketlerinin ardında hiçde korkunç hislerinin olmadığını gösteriyor. ve en önemlisi 3 aralık dünya engelliler gününde yapılan galası ile bu konuya dikkat çekmesi bence önemliydi. teşekkürler başarılı ve akıcı bir film. ",pozitif
bu filmin dramı çok güzeldi yeri geldiğinde güldürüp yeri geldiğinde üzünlendiren güzel bir yapım mustafa üstündağ iyidi onu zaten muro karakteriyle beyendik ve değişik filmlerde oynamasıda güzel olmuş çok iyidi diyebiliriz sonu iyi bir senaryo dramıylada iyiydi ,pozitif
"Çok güzel bir film,hem güldürüyor hemde ağlatıyor.Yönetmene ve zihinsel özürlü rolü oynayan levent üzümcüyü tebrik ediyorum.Kendisini avrupa yakasında gereksiz bir tiyatro oyucusu olarak buluyordum taki filmi izleyene kadar.Bu kadar usta bir oyun sergileyebilecek türk oyuncu sayısı 100 ü geçmez.Tebrikler... Gidin ve mutlaka izleyin.Recep ivedik ve kolpaçino severlerde uzak dursun çünkü bu film tarzı onların kapasitesini aşar...",pozitif
"Öncelikle her gördüğünüz ak sakallı dedeniz değil ise her gördüğünüz biri normal olmayan iki arkadaşın yol hikayesi de Rain Man değil.Bu film konu itibariyle izlediyseniz ya d aokuduysanız John Steinbeckin Fareler Ve İnsanlar adlı Hikayesine benziyor.Bu çok eski ve trajik öykünün günümüze uyarlanmasında bir sakınca da görmüyorum.Filmi galasında da izlemeden sadece fragmandan övmek ya da yermek ne kadar akıllıca takdirinize bırakıyorum.Sanırım insanalr yorumlar bölümünü izleyenlerin görüşlerini okumak için açıyorlar ki film hakkında fikir edinsin gidip gitmemeye karar versin.Filme gelince Levent Üzümcü oyunculuğuyla hayran bırakıyor.İçe dokunan bir öyküsü var.Bir şahaser değil; ama yerin dibine batırılacak bir film de değil.İzlerken biraz öyküdeki karakterlerin yerine koyarsak kendimizi filmin aslında belki de daha derin çizse daha başarılı, daha anlaşılır olacak olan öyküsünden etkileniriz.Galasını bilmem;ama benim izlediğim salonda epey eğlendiğini gözlemledim insanların.İzlerken sıkılmadığım samimi bir film.Yaş sınırı gerçekten gerekli bu arada.",pozitif
Bir film sırf eleştirilmek için izlenmez zaten o mantıkla gidersen zevk alamazsın. Bu filmde işlenen konunun dramatik yanını son dönemde hiçbir filmde görmedim açıkcası bundan dolayıdır ki... 10/6 İyi seyirler... ,tarafsiz
"Bu gerçekten 10 üzerinden 10luk bir film.Ama askerlik,şehitler,vatan,millet vs. konularına değindiği için değil; gerçekten oyunculuk,sinematografi,kadrajlar,çekimler,sürükleyicilik,diyaloglar konusunda çok iyi bir film olduğu için.İlk bahsettiğim öğeler filmin gişesini beki 1 değil de 2 yapar ama bu onun kötü bir film olduğunu göstermez.",tarafsiz
filmi özellikle askerliğini yapanlar daha farklı bir gözden izlemiştir kesinlikle ve bende onlardan biri olarak gerçekten baştan sona gerçekçi güzel bir film izledim emeği geçenlere teşekkürler...,tarafsiz
filmin baştan itibaren 4 te 3 ü ağır aksak devam etse de arasıra parlayan küçük çıkışlar biraz kurtarıyor.Bence daha zengin bir senaryo ve kurgu yapılabilirdi.10 üzerinden 6-7 arası not verebilirim.Bu filmi ABD liler yapsaydı nasıl olurdu acaba?,tarafsiz
ya arkadaşlar ben anlamıyorum.bir takım milliyetçi duygularımızdan dolayı bu filme harika diyoruz.aslında film olarak bakarsak pek bi şey yok bence.ama yine de türk standartlarına göre başarılı sayılabilir.,tarafsiz
"Çok etkileyici bir film,tarafsız gözle izleyen bir yabancı bile bu filmden etkilenmiştir eminim.Türk askerinin hangi şartlarda,neyle mücadele ettğini,kendi vatanında yaşadığı çaresizliği yalansız ve abartısız bir şekilde göstermiş yönetmen.Oyuncularda Türk filmlerinde gösterilen en iyi performansa sahipler bence,özelliklede yüzbaşı rolünü muhteşem oynamış.Daha çok söz var söylenecek ama uzar gider:)en iyisi izleyin,izletin,imdb.com da oylayın.Oylayınki insanlar filmi izlesin ve bizimde istediğimizde neler yapabileceğimizi görsünler.",tarafsiz
"orada bi savaşın olduğu,türk askerininde ellerininn titreyebileceğini, korkabilieceğini kısacası onlarında insan olduğunu bazılarına gösterdiği için teşekkkürler.(alırız darmadağın ederiz 3 günlük işi var diyenlere) birde dağa çıkanların kandırılmadığı bir sebepleri olduğuna biraz olsun değinebildiği için teşekkürler(ama zamanlaması itabiriyle filmin ticari amaçlı olduğuna inandığımı soylemedende geçemeyeceğim)... ",tarafsiz
büyük bütçe ve teknolojiyle çekilmiş amerikan filmleri ile bizim yerli filmleri karşılaştırmaya bile gerek yok. basit bir tv filmiydi. beni duygulandıran yanları olmadı dersem yalan olur ama o kadar da olsun. gitmeyin derim değmez.,tarafsiz
"Yılmaz Erdoğan ın en iyi filmi olmadığı kesin. hatta bana, film yapmak yerine şiir okuması gerektiğini düşündüren bi eser olmuş. fazla dramatik.",tarafsiz
"Filmi çok beğenenler ve hiç beğenmeyenler arasında bır uçurum oluşmuş durumda.Ben de sırf hangı gruba dahil olucam diye meraktan gittim bu filme.Berbat,rezillik diyenler kadar acımasız olamıcam ama çok guzel,şahaser diyenler kadar da abartılı olamıcam.Sıradan bir hikaye ve sıradan bir film.Bence daha komik hale getirlebilir ve daha ince işlenebilirdi.Sanki öyle bir film yapayım ki BKM oyuncularına da ekmek kapısı olsun edasıyla yapılmış.",tarafsiz
"film benim gibi bu tarzdan hoşlananlar için oldukça iyi! kısaca basit, abartıdan ve aşırılıktan uzak ve gerçek bir film! sinemanın asıl amacı, insanlara kendi yaşamakta oldukları hayatın dışındaki yaşamları da göstermekse eğer; tam anlamıyla amacına ulaşan bir film! ben beğendim! bu tarzdan hoşlanmayanlar için bile gittiklerine pişman olmayacakları bir film! ",tarafsiz
bu filmin neresi güzeldi onu bi söylesenize.bence çok basit bi filmdi.köyde çocuklardan dayak yiyen levent üzümcü şehirde tam bi seri katil oldu ne hikmetse? zor bitirdim.levent üzümcü çok abartmıştı deli rolünü,tarafsiz
"Tek kelimeyle şaheser. Olumsuz eleştirileri anlamak mümkün değil. Dram ve komediyi Yılmaz Erdoğandan başkası bu kadar muhteşem işleyemezdi zaten.Hayatın içinden,sıcacık son zamanların en iyi Türk filmi. Filmden anlayanlar filmi izledikten sonra bana hak verecektir.",tarafsiz
Ne izleyeceğini bilerek gitmek lazım. Komedi değil dram değil ikisi de tam yok da biraz havada kalmış gibi. Film kötü değil fakat bu ekipten daha iyi bir iş beklerdim şahsen ama izlemeye değer.,tarafsiz
Bazı yorumları okudum ve çok üzüldüm. bence film muhteşemdi. Bugüne kadar yapılmış en iyi türk filmi. Bende doğuda askerlik yapmış biri olarak söylüyorum. Komutanın psikolojisi çok güzel aktarılmış. Final sahnesi çok karanlık ve hiç birşey anlaşılmıyor denmiş. Yanınızda makinalılar çalışırken keç kere sohbet etmiş bu yorumu yapan arkadaşlar merak ettim. Askerlik yapmamış insanlar anlayamaz. Filme gidecek insanlar şunu bilsin. Gerçeklerin ta kendisi...,tarafsiz
"Bu film hayatında daha önce savaş filmi izlememiş insanlar için harika, inanılmaz yada süper bir film olabilir. Ama benim için vasat bir film. Askerlerin psikolojik durumunu süper anlatıyor diyorsanız o halde daha The Thin Red Line izlememişsiniz demektir. Ben bu filmi destekliyorum, çok kötü bir film de değil ama abartılıyor.",tarafsiz
Film iyi ve kötü yanları diye ikiye ayırmak gerekirse iyi yanları senaryo güzel konsept iyi. Fakat çatışma sahnelerinde ne oluyor ne bitiyor ne mevzu belli ne de konuşmalar. Kapkaranlık bir ortam beni filmden soğuttu kim ne diyor duyulmuyor. Ne verdiğim paraya pişman oldum nede karşlığını alamadım vasatın üstü fakat çok büyük beklenti ile giderseniz biraz hayal kırıklığı.,tarafsiz
"hayretle izledim. biz böyle filmler yapabiliyor muyduk? bu filmi yapanların ellerine yüreklerine sağlık çok çarpıcı,harika bir film. bulutlar sahnesindeki komutanla doktor un konuşması sahnesi... çok çok çok iyi bir film. kaçıranlar üzülecek.. ",tarafsiz
"Bu filmi beğenmeyenler lütfen hiç birşeyi beğenmesinler bir daha da Türk filmine gidip o değerli paralarını sokağa atmasınlar. Bu film hakkında yapılan saçma sapan yorumların hep kasıtlı olduğunu düşünüyorum. Bir filmde ufacık bir gerçek olduğunda bu gerçeği kabul etmek neden bu kadar zor hala anlayamıyorum, siz olmayan dünyalarda ki olmayan kahramanlık öykülerini izlemeye devam edin hollywood belki bir gün size de amerikan bayrağının altında bir rol verir. Bu filmde emeği geçen herkese çok teşekkürler.",tarafsiz
"Çok etkileyiciydi. Aklımda bir sahne takıldı ki günümüz hayatına tokat gibiydi. ""Masaya yatırılmış kadın teröriste müdahale yapmaya çalışan doktor bir asker, bir taraftan komutanın sinirli tavırları ve arka plandaki televizyonda genç bir kızın güzellik yarışmasındaki yorumu..."" Ne güzelde ifade etmiş film hayatımızı, ya herkes nerde olduğunu bilecek ya da kızlarda askere gidecek",tarafsiz
"Durumun ne kadar hazin,duygularla oynayan,acıklı bir halde olduğunu anlatmak için arkaplanda bir anlatıcı ses kullanmak,müzik ve şiirlerle zaten duygu yüklü olan durumu daha da duygusallaştırmaya çalışmak bazen sömürü noktasına ulaşabiliyor. Filmde anlatılanlar doğru,gerçekten olan şeyler.hatta çok daha trajikleri yaşandı,yaşanıyor.Ancak sinemaya giden seyircinin izlediği şeyi yorumlama özgürlüğü olmalıdır;yani ne kadar hüzünlü,ne kadar saçma ya da ne kadar korkunç olduğu konusunda.Ama malesef bu filmde seyirciye bu şans tanınmamış.Herşey anlatılmış,yorumlanmış,olay bitirilmiş. 	",tarafsiz
"Emeği geçen herkesi tebrik ediyorum öncelikle. Ben böyle bir filmde sanatsal yönünü bırakmak lazım bir kenara; mesaja bakmak lazım. Binlerce şehit verdik biz bu ülkede yıllardır. Nice analar ağladı. İlk defa bu kadar güzel anlatan bir film çekilmişken sanatsal olarak eleştirmeye çalışıyoruz. Yazık bize valla. Son olarak bu filmi herkes izlemeli ve elini sol tarafına koyup ""Ne mutlu Türküm diyene"" diyebilmeli...",tarafsiz
"Güzel bir film , kardeşlik duyguları üzerine ama taklit değildir. bir arkadaş yağmur adam ile benzetmiş ama alakası yok desem :) bence izleyin pişman olmazsınız. diğer 5 para etmez yabancı filmleri izledikten sonra :)",tarafsiz
"Evrensel bağlamda bu topraklarda doğmamış yaşamamış insanlara bir şey ifade etmeyen bir hikaye izledik. Türk olarak hikayeden hepimiz etkilendik duygulandık, güzel bir konu reklam şeklinde pazarlandı, aldık gazı yutkunduk falan eyvallah. Ama bir sinema filmi olarak ele alındığında Türk eleştirmenler objektif yorum yazabilecek mi merak ediyorum.",tarafsiz
"İzlediğim en etkileyici filmlerden biriydi. Günlük sıkıntılarımız içinde ve belki de o kadar da büyük olmayan dertlerimizin aslında ne kadar küçük olduğunu, o dağlarda insanların ne şartlarda bulunduğunu, vatanı savunduğunu gösteren bir film. İzledikten sonra insanın hissettiklerini kelimelere dökemeyeceği hale gelmesine sebep oluyor kısacası.",tarafsiz
"Film teknik açıdan fena sayılmazdı ama gereğinden fazla uzun olması bende sıkıntı yarattı. Filmin en başarılı sahnesinin komutanın filmin başında, askerlere uyumamaları gerektiğini anlattığı içtima sahnesi olduğunu düşünüyorum.Kısaca bu filmi izlememek çok büyük bir kayıp değil bence.",tarafsiz
"Bu film izlenmeli arkadaşlar, bildiğimiz ama kulaklarımızı tıkadığımız gerçekleri yansıtmışlar. O psikoloji, o ortam ve bunların maalesef kurgu değil gerçek olması. Her savaş biter! Tüm şehitlerimizin ruhu şad olsun.",tarafsiz
"izlenmeli ve yine izlenmeli, birşeyler yazma ihtiyacı duyuyorum bu film için, ancak kelimelere dökemiyorum bir türlü. Neden acaba, filmin çoğu yerinin gerçeği yansıtmasından mı? hayal ürünü olduğunu varsayıp kamera açıları ve oyunculuklarla yönetmenin üstün başarısından mı? sonuçta başta yazdığım gibi izlenmeli.",tarafsiz
"Bakış açısına göre yorumlar değişebilir ancak gerçek herkes için aynıdır. Film kamera tektikleri açısından kaliteli, oyuncular paparazzilerdeki artislerden değil ve karakterlere uygun yüzler var. Ancak filmin en can alıcı noktası işlenmiş olan konunun işleniş şekli. Ne aşırı milliyetçi ne aşırı yandaş bir propaganda ne de bunun üstünden bir pay çıkarmaya çalışma çabası. Bunların hiçbirinin görülmemesi açıkcası beni şaşırttı. Bence psikolojik gerilimi oldukça iyi yansıtan bir film. Kamera teknikleri kaliteli. Hele çatışmanın ortasında askerin şuurunu yitirip telefonu komutanına götürmesi.",tarafsiz
13 yaşından küçükseniz gitmenizi tavsiye etmem zaten birkaç sahne biraz uyuz ama gerçekten mantıklı bir film türk yapımı biraz kalitesiz olması doğal ama insan abisini bir kez daha tanıyor seviyor ben abimle gittim ve gerçekten etkilendim hepinize tavsiye ederim...,tarafsiz
Tom Cruise Dustin Hofmanndan Yağmur Adamı izlemenizi tavsiye ederim. Cüneyt Arkının dönemin en iyi filmlerini taklit etme geleneğini yeni nesil oyuncu ve yapımcılarda sürdürüyor. Sinemaseverlerin karşısına özgün senaryolarla çıkın lütfen..,tarafsiz
bu filimin galasına peşin hukümlü gittim olmaz türkler bunu beceremez dedim AMA olmuş. harika harika harika koca koca adamlar ağlıyordu filimin sonunda hem güldük hem ağladık kesinlikle gidin seyredin pişman olmazsınız.,tarafsiz
Selamlar; Bu gece galasına katılma şansı bulduğum bu filim için yapılan bazı yorumların cok yersiz olduğunu belirtmek istedim. 1. si yağmur adam filimi ile bir benzerliği yok. 2. si daha önce yapılmış hiç bir türk filimine benzemiyor. Filimde çok ince espirilerle güldürdüğü gibi Levent üzümcü Mustafa üstündağ ile baş roller muhteşem oyunculuk gösterilmiş. Tavsiyemi Ciddiye Alırsanız Şahsen 2009 içinde yapılmış en muhteşem Türk Yapımı Filim Diye Bilirim Şiddetle Tavsiye ediyorum,tarafsiz
"Güzel bir durum psikolojisi filmi.Beğendim ;ama büyük beklenti içerisinde gittiğimden,beklentilerimi yeterince karşılayamadı. ",tarafsiz
filme sanatsal değilde siyaset gözüyle bakıldığı için çok beğenildi.tamam film konu olarak güzel ama sinema açısından tam bi felaketti ne görsellik vardı ne konular arasındaki balantı nede bütünlük sanatsal açıdan bize hiçbişey vermemesine rağmen 7 verdim.. ben bukadar abartılan başka bi film daha görmedim duygularımızı bi kenara bırakıp puanımızı ve yorumumuzu ona göre yapalım...,tarafsiz
